{"cameraMode":{"drawMode":0,"name":"Shaded","section":"Shading Mode"},"sceneLighting":false,"audioPlay":false,"sceneViewState":{"m_AlwaysRefresh":false,"showFog":true,"showSkybox":false,"showFlares":true,"showImageEffects":true,"showParticleSystems":true,"showVisualEffectGraphs":true,"m_FxEnabled":true},"in2DMode":false,"pivot":{"x":-1.0303646326065064,"y":2.040773868560791,"z":0.8265436887741089},"rotation":{"x":-0.16993212699890138,"y":-0.07796508818864823,"z":0.013649017550051213,"w":-0.9823084473609924},"size":2.7057840824127199,"orthographic":false}