{"cameraMode":{"drawMode":0,"name":"Shaded","section":"Shading Mode"},"sceneLighting":false,"audioPlay":false,"sceneViewState":{"m_AlwaysRefresh":false,"showFog":true,"showSkybox":false,"showFlares":true,"showImageEffects":true,"showParticleSystems":true,"showVisualEffectGraphs":true,"m_FxEnabled":true},"in2DMode":false,"pivot":{"x":-0.0046204328536987309,"y":0.19560283422470094,"z":-0.03589540719985962},"rotation":{"x":-0.16993212699890138,"y":-0.07796508818864823,"z":0.013649017550051213,"w":-0.9823084473609924},"size":1.1291797161102296,"orthographic":false}